,n_ref,Bleu_4,METEOR,ROUGE_L,CIDEr,CIDEr-R,SPICE
0,1,0.6025,0.615,0.625,0.585,0.61,0.53
1,2,0.6410256410256411,0.7051282051282052,0.6709401709401709,0.688034188034188,0.6965811965811965,0.6666666666666666
2,3,0.6175,0.6725,0.635,0.69,0.6875,0.645
3,4,0.6565656565656566,0.7272727272727273,0.734006734006734,0.7676767676767676,0.7609427609427609,0.7104377104377104
4,5,0.6475,0.6925,0.69,0.7325,0.7375,0.655
