{"HCI": {"Bleu_4": 0.9946102539917806, "METEOR": 0.9951492285926026, "ROUGE_L": 0.9948797412921916, "CIDEr": 0.9245435558849289, "CIDEr-R": 0.9389611264569158, "SPICE": 0.0}, "HII": {"Bleu_4": 0.9832244155494172, "METEOR": 0.9725122953580813, "ROUGE_L": 0.9842349929259584, "CIDEr": 0.5856632756181365, "CIDEr-R": 0.8296840261402681, "SPICE": 0.0}}