{"HC": {"Bleu_4": 0.7287287287287287, "METEOR": 0.7827827827827828, "ROUGE_L": 0.7607607607607607, "CIDEr": 0.7817817817817818, "CIDEr-R": 0.7837837837837838, "SPICE": 0.7217217217217218}, "HI": {"Bleu_4": 0.716, "METEOR": 0.779, "ROUGE_L": 0.736, "CIDEr": 0.757, "CIDEr-R": 0.761, "SPICE": 0.68}, "HM": {"Bleu_4": 0.72, "METEOR": 0.783, "ROUGE_L": 0.757, "CIDEr": 0.783, "CIDEr-R": 0.784, "SPICE": 0.717}, "MM": {"Bleu_4": 0.7016574585635359, "METEOR": 0.7546961325966851, "ROUGE_L": 0.7226519337016575, "CIDEr": 0.7613259668508288, "CIDEr-R": 0.7668508287292818, "SPICE": 0.6850828729281768}}