{"HC": {"Bleu_4": 0.6381909547738693, "METEOR": 0.7185929648241206, "ROUGE_L": 0.7085427135678392, "CIDEr": 0.7537688442211056, "CIDEr-R": 0.7537688442211056, "SPICE": 0.7035175879396985}, "HI": {"Bleu_4": 0.6616915422885572, "METEOR": 0.7064676616915423, "ROUGE_L": 0.7114427860696517, "CIDEr": 0.7412935323383084, "CIDEr-R": 0.7313432835820896, "SPICE": 0.6865671641791045}}