{"HC": {"Bleu_4": 0.6633165829145728, "METEOR": 0.6934673366834171, "ROUGE_L": 0.6884422110552764, "CIDEr": 0.7386934673366834, "CIDEr-R": 0.7437185929648241, "SPICE": 0.6482412060301508}, "HI": {"Bleu_4": 0.6019900497512438, "METEOR": 0.6915422885572139, "ROUGE_L": 0.6218905472636815, "CIDEr": 0.6616915422885572, "CIDEr-R": 0.6467661691542289, "SPICE": 0.6368159203980099}}