{"HC": {"Bleu_4": 0.6683417085427136, "METEOR": 0.7537688442211056, "ROUGE_L": 0.678391959798995, "CIDEr": 0.7286432160804021, "CIDEr-R": 0.7286432160804021, "SPICE": 0.6733668341708543}, "HI": {"Bleu_4": 0.6865671641791045, "METEOR": 0.736318407960199, "ROUGE_L": 0.6865671641791045, "CIDEr": 0.6965174129353234, "CIDEr-R": 0.6965174129353234, "SPICE": 0.6368159203980099}}